TICKER;PER;DATE;TIME;OPEN;HIGH;LOW;CLOSE;VOL
ROSN;D;20151201;000000;266.3500000;268.1000000;261.8500000;264.7000000;4739960
ROSN;D;20151202;000000;264.7000000;265.7500000;256.0000000;258.5000000;6347400
ROSN;D;20151203;000000;258.0000000;259.9000000;254.2500000;257.6000000;5207350
ROSN;D;20151204;000000;258.9500000;260.5000000;248.0500000;251.4500000;5589630
ROSN;D;20151207;000000;252.2000000;253.7500000;243.5000000;244.0000000;5976580
ROSN;D;20151208;000000;243.3500000;247.3500000;241.0500000;244.6500000;5301950
ROSN;D;20151209;000000;245.4500000;249.8500000;245.3000000;247.7000000;4018100
ROSN;D;20151210;000000;248.0000000;251.2000000;245.2000000;249.0000000;4107600
ROSN;D;20151211;000000;247.9000000;248.7500000;243.6500000;244.8500000;2263450
ROSN;D;20151214;000000;242.5500000;246.9500000;241.2500000;244.9000000;4560690
ROSN;D;20151215;000000;246.0000000;252.6500000;244.8500000;249.7000000;6543730
ROSN;D;20151216;000000;250.4000000;252.5500000;249.0000000;250.1000000;2520120
ROSN;D;20151217;000000;251.9000000;260.9500000;251.7500000;258.7000000;9096060
ROSN;D;20151218;000000;258.4500000;260.0000000;249.1000000;250.7500000;6426830
ROSN;D;20151221;000000;250.4500000;253.1500000;244.6500000;245.6000000;4049840
ROSN;D;20151222;000000;246.8500000;249.3500000;244.2000000;248.2000000;3304720
ROSN;D;20151223;000000;249.5000000;254.7000000;249.2500000;253.6500000;2966830
ROSN;D;20151224;000000;254.8000000;255.5000000;251.5000000;251.6000000;2715560
ROSN;D;20151225;000000;252.1000000;252.6500000;243.6500000;245.8000000;3790130
ROSN;D;20151228;000000;246.0000000;247.5500000;244.7000000;246.0000000;1871490
ROSN;D;20151229;000000;246.8000000;255.0000000;245.0500000;255.0000000;4705550
ROSN;D;20151230;000000;254.9000000;259.2500000;253.2500000;253.2500000;4013160
ROSN;D;20160104;000000;254.4000000;254.9000000;250.3500000;251.0000000;2463840
ROSN;D;20160105;000000;251.5500000;253.8000000;248.7500000;253.2000000;2444740
ROSN;D;20160106;000000;253.2000000;255.0000000;250.2500000;252.4000000;1964810
ROSN;D;20160111;000000;245.0000000;246.7500000;239.1500000;241.0500000;7838580
ROSN;D;20160112;000000;236.9500000;243.4000000;233.9000000;239.9000000;4731200
ROSN;D;20160113;000000;240.8000000;243.5000000;238.3000000;239.6000000;3972470
ROSN;D;20160114;000000;238.0000000;239.8500000;234.3000000;237.6500000;4019240
ROSN;D;20160115;000000;236.7500000;240.0000000;229.5000000;232.1000000;7233780
ROSN;D;20160118;000000;229.5000000;234.9000000;229.0500000;232.0000000;4383680
ROSN;D;20160119;000000;233.8500000;239.0500000;233.8500000;236.0500000;4617090
ROSN;D;20160120;000000;234.0000000;234.3500000;228.3000000;231.9000000;6081600
ROSN;D;20160121;000000;232.1000000;238.8000000;231.7500000;237.5000000;5050440
ROSN;D;20160122;000000;241.2500000;252.4000000;239.7000000;250.4000000;10115460
ROSN;D;20160125;000000;251.4500000;255.2000000;246.2500000;255.0000000;6754790
ROSN;D;20160126;000000;251.8500000;256.9000000;251.6500000;255.9000000;7377030
ROSN;D;20160127;000000;255.5000000;264.4000000;254.6000000;264.4000000;6259590
ROSN;D;20160128;000000;263.7000000;268.9000000;263.6000000;267.3500000;7946880
ROSN;D;20160129;000000;268.6000000;272.4500000;263.3500000;272.4500000;8072780
ROSN;D;20160201;000000;272.2500000;272.4500000;266.4000000;269.8000000;4342510
ROSN;D;20160202;000000;268.6500000;274.2000000;267.7500000;271.8000000;5147180
ROSN;D;20160203;000000;270.0500000;275.9500000;268.2000000;273.1000000;4375870
ROSN;D;20160204;000000;278.8000000;284.8500000;276.7500000;283.0000000;6060110
ROSN;D;20160205;000000;281.3500000;286.5000000;279.0500000;281.5500000;6853670
ROSN;D;20160208;000000;281.5500000;282.2000000;273.3000000;276.0500000;6343940
ROSN;D;20160209;000000;272.0500000;276.3500000;265.4500000;268.6000000;8107890
ROSN;D;20160210;000000;265.9000000;269.0000000;262.3000000;265.5000000;5808400
ROSN;D;20160211;000000;264.1500000;266.4000000;259.7000000;264.8500000;4288310
ROSN;D;20160212;000000;267.3500000;271.6500000;266.5500000;270.7000000;3828590
ROSN;D;20160215;000000;273.3500000;273.8000000;269.6000000;271.0000000;2862860
ROSN;D;20160216;000000;272.1000000;279.6500000;271.3000000;277.4000000;6872410
ROSN;D;20160217;000000;277.2000000;280.9500000;276.0500000;279.9000000;2822610
ROSN;D;20160218;000000;281.5000000;283.8500000;279.4000000;283.3500000;5003280
ROSN;D;20160219;000000;280.5000000;281.0500000;275.3000000;278.4000000;3327520
ROSN;D;20160220;000000;279.0000000;279.9000000;276.6500000;276.9500000;519680
ROSN;D;20160222;000000;277.8500000;286.2000000;277.5000000;285.0000000;4167330
ROSN;D;20160224;000000;281.9500000;283.8000000;279.1500000;281.7000000;3741520
ROSN;D;20160225;000000;283.6500000;284.6000000;277.1500000;279.5000000;3977830
ROSN;D;20160226;000000;281.8000000;284.9000000;281.6000000;283.3000000;5385370
ROSN;D;20160229;000000;282.2500000;287.6000000;279.7000000;287.6000000;7096580
ROSN;D;20160301;000000;286.8000000;290.5000000;286.0000000;289.9000000;4212740
ROSN;D;20160302;000000;290.7500000;291.7000000;285.1000000;287.0000000;3117010
ROSN;D;20160303;000000;287.9000000;295.0000000;287.1500000;294.2500000;5069770
ROSN;D;20160304;000000;294.5000000;302.2500000;292.6500000;302.2500000;6925130
ROSN;D;20160307;000000;303.7500000;304.4000000;297.6500000;301.0000000;3870030
ROSN;D;20160309;000000;298.2000000;301.8000000;295.1500000;296.0000000;6058300
ROSN;D;20160310;000000;296.7000000;302.1500000;294.6000000;301.5500000;6307440
ROSN;D;20160311;000000;302.3000000;304.2500000;299.0000000;301.6000000;7699370
ROSN;D;20160314;000000;301.3000000;301.6000000;298.6500000;301.0500000;3967290
ROSN;D;20160315;000000;302.4000000;303.6000000;298.6000000;300.6000000;6668270
ROSN;D;20160316;000000;300.7500000;301.4500000;297.5500000;301.2500000;4108680
ROSN;D;20160317;000000;302.0000000;309.8500000;300.5000000;309.4000000;8809000
ROSN;D;20160318;000000;309.4000000;320.0000000;306.4500000;315.5500000;9445580
ROSN;D;20160321;000000;314.0000000;314.9000000;310.1000000;313.0000000;3991840
ROSN;D;20160322;000000;313.7000000;322.7500000;312.4000000;320.3500000;7052630
ROSN;D;20160323;000000;317.9000000;317.9500000;307.3500000;309.2000000;6816500
ROSN;D;20160324;000000;307.6000000;308.8000000;302.3500000;304.8000000;5195500
ROSN;D;20160325;000000;306.3500000;307.4500000;303.7500000;304.5000000;1880770
ROSN;D;20160328;000000;306.4000000;308.1000000;300.6500000;302.5000000;2339960
ROSN;D;20160329;000000;302.6000000;302.6000000;293.2500000;296.4000000;7417070
ROSN;D;20160330;000000;298.5000000;307.9500000;297.0500000;307.8000000;5588170
ROSN;D;20160331;000000;305.9000000;307.5000000;302.5500000;305.2000000;6261610
ROSN;D;20160401;000000;302.7500000;304.9500000;297.2000000;301.8000000;4813420
ROSN;D;20160404;000000;300.9500000;310.0000000;299.8500000;309.5000000;6647370
ROSN;D;20160405;000000;307.4500000;308.3500000;305.0000000;306.2000000;2824530
ROSN;D;20160406;000000;307.9500000;311.5000000;306.2500000;309.0500000;3823840
ROSN;D;20160407;000000;310.2000000;312.9000000;303.9000000;306.8000000;4364890
ROSN;D;20160408;000000;306.8000000;316.5000000;306.0000000;316.5000000;5659800
ROSN;D;20160411;000000;316.5500000;329.2000000;314.2000000;325.0000000;8000550
ROSN;D;20160412;000000;325.0000000;325.9500000;317.4500000;320.0000000;5733370
ROSN;D;20160413;000000;321.1000000;326.9000000;319.1000000;322.3000000;4781420
ROSN;D;20160414;000000;321.0000000;325.1500000;310.1000000;313.6000000;6624620
ROSN;D;20160415;000000;313.6500000;313.8000000;306.6000000;309.7500000;5448090
ROSN;D;20160418;000000;304.0000000;308.0000000;300.3500000;303.9000000;7455800
ROSN;D;20160419;000000;305.5000000;314.6000000;304.7000000;311.7500000;9230390
ROSN;D;20160420;000000;309.8500000;323.5500000;306.4000000;322.0500000;10351150
ROSN;D;20160421;000000;324.4000000;325.3000000;317.7500000;323.0000000;7606790
ROSN;D;20160422;000000;323.0000000;324.8500000;319.3500000;322.1000000;4046730
ROSN;D;20160425;000000;322.0000000;328.9500000;320.5500000;326.9000000;5246430
ROSN;D;20160426;000000;326.9000000;332.9000000;326.0000000;331.8500000;5442940
ROSN;D;20160427;000000;332.9500000;339.4000000;331.3000000;334.9500000;7949810
ROSN;D;20160428;000000;334.4000000;341.7500000;333.2000000;341.7500000;4857470
ROSN;D;20160429;000000;340.7000000;351.7500000;338.5000000;351.0000000;9223850
ROSN;D;20160504;000000;346.6500000;356.9500000;341.0000000;346.0000000;7143280
ROSN;D;20160505;000000;346.2000000;346.2000000;335.6500000;336.5000000;5335510
ROSN;D;20160506;000000;335.8000000;337.1500000;326.3000000;329.0000000;5167390
ROSN;D;20160510;000000;327.8000000;328.9000000;319.5500000;323.5000000;4261580
ROSN;D;20160511;000000;326.4000000;329.6000000;323.5500000;324.6000000;4182980
ROSN;D;20160512;000000;326.3000000;326.8500000;318.4500000;319.0000000;4076110
ROSN;D;20160513;000000;320.5000000;323.2000000;313.0000000;322.6500000;4489630
ROSN;D;20160516;000000;323.1500000;327.0000000;321.2500000;322.6000000;4521640
ROSN;D;20160517;000000;323.9000000;323.9500000;314.1500000;322.1000000;3937460
ROSN;D;20160518;000000;320.1000000;329.5000000;320.0000000;329.5000000;3701850
ROSN;D;20160519;000000;326.0000000;332.8000000;324.6000000;330.0000000;4285990
ROSN;D;20160520;000000;333.0000000;333.8500000;322.8500000;324.6500000;4513170
ROSN;D;20160523;000000;323.0500000;324.0000000;311.5500000;313.1000000;6381330
ROSN;D;20160524;000000;313.1000000;318.6500000;312.1000000;317.0000000;2438830
ROSN;D;20160525;000000;319.5500000;323.4500000;317.5500000;318.0000000;3735850
ROSN;D;20160526;000000;321.3000000;327.0000000;318.5500000;320.1500000;5708530
ROSN;D;20160527;000000;321.0000000;323.3500000;314.9000000;320.6000000;4171210
ROSN;D;20160530;000000;320.5500000;324.6000000;318.0000000;322.0000000;1451700
ROSN;D;20160531;000000;322.5000000;323.1500000;315.8500000;316.0000000;3319260
ROSN;D;20160601;000000;316.1500000;316.6500000;309.5000000;313.0000000;4577150
ROSN;D;20160602;000000;312.8000000;316.5000000;309.7500000;311.3500000;3804150
ROSN;D;20160603;000000;313.5500000;319.0000000;312.0000000;314.7500000;3713380
ROSN;D;20160606;000000;314.9000000;324.9500000;314.9000000;323.8500000;3888870
ROSN;D;20160607;000000;324.9000000;329.9000000;321.5500000;328.8500000;6645790
ROSN;D;20160608;000000;327.9000000;342.9500000;327.1500000;342.5000000;7206020
ROSN;D;20160609;000000;342.6500000;344.9500000;338.5000000;343.5000000;4676140
ROSN;D;20160610;000000;342.7000000;343.0000000;337.0000000;337.8500000;3130800
ROSN;D;20160614;000000;335.1000000;337.0000000;323.4000000;324.8000000;5986780
ROSN;D;20160615;000000;324.8500000;327.7500000;320.3000000;322.8500000;5381390
ROSN;D;20160616;000000;321.0000000;322.0000000;311.7000000;316.3000000;4515500
ROSN;D;20160617;000000;319.0000000;323.4500000;316.7500000;320.6500000;4307340
ROSN;D;20160620;000000;325.5000000;336.0000000;324.0000000;336.0000000;4759810
ROSN;D;20160621;000000;336.0000000;342.0000000;334.2000000;340.9500000;6067940
ROSN;D;20160622;000000;344.9500000;345.8500000;337.0000000;337.7500000;3608460
ROSN;D;20160623;000000;336.4500000;348.0000000;334.6000000;348.0000000;4802550
ROSN;D;20160624;000000;329.9000000;336.0000000;326.3000000;333.6500000;7369070
ROSN;D;20160627;000000;333.7000000;335.6000000;325.7500000;328.0500000;5606160
ROSN;D;20160628;000000;331.4000000;333.9500000;324.0000000;327.0000000;4278420
ROSN;D;20160629;000000;327.9500000;332.8000000;324.3500000;331.5000000;3522060
ROSN;D;20160630;000000;330.0000000;331.4500000;327.4500000;330.0000000;3991810
ROSN;D;20160701;000000;329.3500000;335.5000000;327.5000000;332.4500000;2649640
ROSN;D;20160704;000000;334.5000000;336.0000000;330.1000000;331.2000000;1912000
ROSN;D;20160705;000000;329.8500000;330.5000000;327.7000000;329.4000000;3499070
ROSN;D;20160706;000000;328.0000000;329.9000000;318.5000000;320.5000000;3912850
ROSN;D;20160707;000000;322.1500000;327.3500000;320.8000000;320.9000000;2980220
ROSN;D;20160708;000000;319.5000000;326.4000000;316.5500000;325.0000000;4044950
ROSN;D;20160711;000000;325.6000000;329.0000000;324.4500000;328.3500000;2418740
ROSN;D;20160712;000000;328.3500000;340.3500000;327.0000000;339.4000000;4561380
ROSN;D;20160713;000000;339.2500000;341.5500000;334.7000000;336.5000000;2967300
ROSN;D;20160714;000000;336.0000000;337.9000000;330.6500000;336.5000000;3359620
ROSN;D;20160715;000000;335.9000000;336.3500000;332.3000000;335.0000000;2279020
ROSN;D;20160718;000000;334.9500000;335.6000000;327.8500000;333.7000000;2386020
ROSN;D;20160719;000000;333.0000000;334.9500000;327.0500000;329.5000000;2789340
ROSN;D;20160720;000000;329.5000000;331.8500000;325.0500000;329.0500000;2709660
ROSN;D;20160721;000000;330.4000000;334.4000000;328.9500000;334.3000000;1673490
ROSN;D;20160722;000000;332.3500000;335.6500000;331.6000000;334.3000000;1560930
ROSN;D;20160725;000000;334.0000000;335.5000000;332.0000000;334.0000000;1254930
ROSN;D;20160726;000000;333.7500000;334.4500000;327.5000000;330.0000000;2377130
ROSN;D;20160727;000000;329.5000000;330.9500000;325.5000000;329.9000000;2312470
ROSN;D;20160728;000000;328.5000000;335.7500000;327.1500000;334.0000000;2384350
ROSN;D;20160729;000000;333.5000000;334.0000000;323.2000000;325.5000000;3611860
ROSN;D;20160801;000000;326.5000000;329.2500000;323.6000000;325.6000000;1763090
ROSN;D;20160802;000000;324.9000000;324.9000000;316.1500000;317.3500000;2365730
ROSN;D;20160803;000000;316.8000000;324.0000000;316.8000000;323.2500000;3486140
ROSN;D;20160804;000000;324.2000000;329.3000000;323.6000000;329.0000000;2964330
ROSN;D;20160805;000000;329.2500000;330.5500000;325.5000000;329.9000000;1859890
ROSN;D;20160808;000000;330.2000000;332.8000000;328.7500000;329.0000000;1502740
ROSN;D;20160809;000000;329.1500000;331.2500000;327.1500000;329.9000000;1802810
ROSN;D;20160810;000000;328.3500000;328.4000000;323.6000000;326.6000000;2052330
ROSN;D;20160811;000000;324.5500000;326.6000000;321.1000000;325.0500000;2117300
ROSN;D;20160812;000000;326.0500000;331.4000000;326.0000000;330.8500000;2100830
ROSN;D;20160815;000000;330.1000000;340.0000000;329.8000000;339.0000000;5060870
ROSN;D;20160816;000000;338.8500000;343.9000000;337.4500000;343.5000000;3995870
ROSN;D;20160817;000000;342.5000000;345.9000000;339.1000000;345.5500000;2836820
ROSN;D;20160818;000000;345.6000000;352.3000000;344.0000000;351.8500000;3678870
ROSN;D;20160819;000000;352.7500000;353.5500000;349.0000000;349.0500000;3560930
ROSN;D;20160822;000000;347.9500000;352.0000000;345.5000000;351.7500000;2846290
ROSN;D;20160823;000000;351.7500000;352.0000000;348.6000000;351.0000000;2009920
ROSN;D;20160824;000000;349.5000000;350.5000000;346.8500000;350.2000000;1239350
ROSN;D;20160825;000000;349.7500000;350.2500000;345.0000000;348.2000000;2617790
ROSN;D;20160826;000000;348.4000000;352.2500000;345.5500000;350.5500000;2260870
ROSN;D;20160829;000000;348.4000000;351.0000000;346.0000000;350.6000000;1066320
ROSN;D;20160830;000000;350.4500000;352.5000000;347.6000000;348.0000000;1353890
ROSN;D;20160831;000000;348.0000000;348.5000000;341.5500000;344.7000000;2715030
ROSN;D;20160901;000000;344.7500000;344.7500000;338.5000000;341.3000000;3080100
ROSN;D;20160902;000000;341.8000000;351.4500000;340.6000000;349.9000000;4989480
ROSN;D;20160905;000000;351.4000000;357.8000000;350.0000000;353.6000000;4143160
ROSN;D;20160906;000000;354.2500000;358.3000000;351.6500000;358.0000000;2888370
ROSN;D;20160907;000000;358.0000000;364.5500000;357.6500000;364.0000000;3553420
ROSN;D;20160908;000000;366.0000000;366.6000000;361.4500000;364.7500000;3354060
ROSN;D;20160909;000000;363.5000000;364.3500000;360.0500000;362.4000000;2632560
ROSN;D;20160912;000000;358.4500000;369.3000000;358.4500000;367.0000000;3737170
ROSN;D;20160913;000000;366.6500000;370.2500000;362.7500000;363.9000000;3458840
ROSN;D;20160914;000000;364.2500000;367.8000000;362.4500000;367.1500000;3333770
ROSN;D;20160915;000000;366.4500000;370.8000000;363.5000000;367.9000000;4679700
ROSN;D;20160916;000000;368.5500000;368.7000000;358.9500000;360.8500000;4512620
ROSN;D;20160919;000000;361.4500000;363.7000000;355.0500000;361.2000000;3201300
ROSN;D;20160920;000000;360.3000000;360.6500000;354.0000000;358.8000000;2511870
ROSN;D;20160921;000000;359.1000000;362.1500000;355.1000000;360.0000000;2297660
ROSN;D;20160922;000000;361.1500000;362.4000000;357.0500000;360.4500000;3238850
ROSN;D;20160923;000000;359.4500000;360.0500000;353.0500000;356.0500000;3181650
ROSN;D;20160926;000000;355.5500000;355.6000000;348.6000000;350.3500000;2065730
ROSN;D;20160927;000000;350.7500000;350.7500000;339.3000000;341.0000000;6224750
ROSN;D;20160928;000000;339.9500000;345.8500000;337.7500000;341.3000000;3877830
ROSN;D;20160929;000000;347.0000000;351.1000000;346.2500000;349.2000000;2936410
ROSN;D;20160930;000000;346.7000000;352.3500000;342.8000000;342.8000000;3777950
ROSN;D;20161003;000000;345.0000000;352.7000000;344.1500000;346.0000000;3632040
ROSN;D;20161004;000000;346.2000000;349.3000000;342.9000000;346.6000000;2720590
ROSN;D;20161005;000000;346.4000000;347.1500000;336.5500000;341.7000000;6744530
ROSN;D;20161006;000000;341.2500000;344.0000000;337.0500000;343.4000000;2869270
ROSN;D;20161007;000000;342.5500000;345.0500000;339.0000000;341.5000000;2829040
ROSN;D;20161010;000000;341.9000000;361.3000000;339.7500000;361.0000000;6765220
ROSN;D;20161011;000000;361.9500000;367.5000000;359.2500000;362.0500000;6038550
ROSN;D;20161012;000000;361.7000000;366.9000000;360.2500000;363.1500000;4148270
ROSN;D;20161013;000000;362.4000000;365.7000000;358.0000000;359.4000000;3701740
ROSN;D;20161014;000000;360.2500000;361.4500000;349.3000000;353.8500000;4191410
ROSN;D;20161017;000000;351.0500000;353.9500000;345.2000000;348.0000000;4576310
ROSN;D;20161018;000000;350.4000000;350.5000000;344.2000000;345.7500000;3098780
ROSN;D;20161019;000000;347.5000000;347.5000000;343.6000000;345.1000000;1698010
ROSN;D;20161020;000000;345.3000000;345.3500000;342.0500000;342.8000000;1828710
ROSN;D;20161021;000000;343.7000000;345.1500000;341.6000000;344.3000000;1723610
ROSN;D;20161024;000000;344.3500000;348.9000000;344.3000000;347.7500000;2599930
ROSN;D;20161025;000000;347.7500000;351.0000000;345.2500000;348.7000000;2235030
ROSN;D;20161026;000000;348.6500000;348.8500000;345.0000000;347.6000000;1826390
ROSN;D;20161027;000000;347.1500000;348.3500000;342.1500000;346.7000000;2381810
ROSN;D;20161028;000000;346.7000000;351.0000000;346.3000000;349.9000000;1533640
ROSN;D;20161031;000000;348.2000000;350.0500000;345.3500000;347.6500000;1872340
ROSN;D;20161101;000000;348.2500000;355.7000000;347.7000000;354.8000000;2647780
ROSN;D;20161102;000000;354.8000000;360.4500000;347.0500000;348.1500000;4489830
ROSN;D;20161103;000000;350.0000000;350.2500000;341.3000000;342.0000000;3235260
ROSN;D;20161107;000000;343.1000000;345.5000000;340.2000000;341.0000000;3049930
ROSN;D;20161108;000000;341.2000000;344.6000000;339.2000000;340.5000000;1818440
ROSN;D;20161109;000000;336.5000000;348.5000000;336.0500000;347.6000000;3671370
ROSN;D;20161110;000000;348.7500000;358.0000000;346.0000000;351.0500000;5388530
ROSN;D;20161111;000000;351.1000000;353.0500000;342.1000000;342.1000000;3119050
ROSN;D;20161114;000000;343.9000000;345.6000000;337.0000000;337.7000000;3089040
ROSN;D;20161115;000000;337.0000000;342.3000000;333.1000000;338.0000000;4439390
ROSN;D;20161116;000000;341.3500000;345.6000000;338.0500000;339.2500000;5001940
ROSN;D;20161117;000000;339.2500000;342.9000000;336.8500000;338.1500000;3682090
ROSN;D;20161118;000000;338.1500000;340.8000000;336.7500000;337.0000000;2686640
ROSN;D;20161121;000000;339.0000000;343.9000000;338.4500000;340.5500000;3572370
ROSN;D;20161122;000000;341.7500000;343.4000000;340.6500000;341.8000000;2206660
ROSN;D;20161123;000000;341.8000000;347.4500000;341.6000000;347.4500000;3209390
ROSN;D;20161124;000000;347.1500000;349.9000000;345.3500000;346.5500000;2304620
ROSN;D;20161125;000000;345.4500000;346.4500000;340.3000000;341.5000000;2167950
ROSN;D;20161128;000000;341.2500000;342.1500000;334.5000000;336.6000000;4536830
ROSN;D;20161129;000000;337.5000000;339.2000000;335.1500000;336.7500000;2551450
ROSN;D;20161130;000000;336.7500000;344.8500000;336.1500000;340.2000000;7174140
ROSN;D;20161201;000000;343.1500000;345.3500000;338.3500000;338.5000000;5985030
ROSN;D;20161202;000000;338.5000000;342.4000000;336.2500000;340.0000000;4370990
ROSN;D;20161205;000000;339.9000000;353.0000000;339.7500000;351.5000000;7398630
ROSN;D;20161206;000000;352.2500000;358.0000000;349.5000000;352.6500000;10188210
ROSN;D;20161207;000000;352.6500000;356.8500000;349.3000000;356.2500000;4378130
ROSN;D;20161208;000000;370.7000000;380.9500000;366.7000000;375.8500000;25819760
ROSN;D;20161209;000000;376.8000000;379.2000000;368.2500000;370.8000000;7266030
ROSN;D;20161212;000000;376.6000000;388.1500000;372.3000000;388.1500000;11580190
ROSN;D;20161213;000000;386.9500000;399.0000000;383.5000000;397.8000000;8979650
ROSN;D;20161214;000000;397.8500000;403.7000000;396.6500000;403.0500000;6806550
ROSN;D;20161215;000000;402.9500000;403.0000000;393.0000000;400.4500000;9141900
ROSN;D;20161216;000000;400.4500000;414.7500000;400.4500000;410.5000000;6770560
ROSN;D;20161219;000000;409.2500000;414.9000000;401.1500000;402.6000000;3343640
ROSN;D;20161220;000000;401.5000000;405.4000000;396.2000000;400.1500000;3159600
ROSN;D;20161221;000000;400.4500000;405.3500000;398.0000000;399.6500000;2926050
ROSN;D;20161222;000000;399.0500000;399.1000000;390.8500000;391.6000000;3991560
ROSN;D;20161223;000000;391.6000000;394.0000000;379.0000000;382.8500000;3786060
ROSN;D;20161226;000000;382.9000000;391.9500000;382.1000000;388.6500000;1628260
ROSN;D;20161227;000000;389.5000000;398.0000000;388.8000000;398.0000000;1996510
ROSN;D;20161228;000000;398.5500000;403.9000000;395.4500000;398.2000000;3159260
ROSN;D;20161229;000000;397.4500000;400.0000000;393.5500000;398.8000000;2710770
ROSN;D;20161230;000000;399.0000000;403.0000000;396.0000000;402.8000000;1966760
ROSN;D;20170103;000000;403.6000000;425.7000000;403.6000000;419.5000000;5895780
ROSN;D;20170104;000000;418.9500000;420.0000000;403.7000000;406.4000000;4154670
ROSN;D;20170105;000000;407.5000000;411.5000000;396.6000000;399.0000000;4826110
ROSN;D;20170106;000000;399.2000000;399.7500000;390.1500000;392.5000000;3659190
ROSN;D;20170109;000000;393.0500000;395.9500000;390.2500000;394.0000000;4477860
ROSN;D;20170110;000000;392.8000000;405.7500000;392.1000000;404.4000000;3733170
ROSN;D;20170111;000000;402.6500000;404.4500000;392.0000000;397.5000000;6230630
ROSN;D;20170112;000000;400.3500000;400.6500000;390.4500000;390.9500000;5052000
ROSN;D;20170113;000000;391.9500000;394.9500000;383.1000000;388.0000000;5316510
ROSN;D;20170116;000000;388.0000000;395.5000000;382.0000000;392.2000000;2893850
ROSN;D;20170117;000000;393.4000000;394.4000000;385.8500000;391.7000000;3732220
ROSN;D;20170118;000000;392.0500000;394.9000000;385.6500000;387.0000000;4342160
ROSN;D;20170119;000000;387.9500000;389.2500000;374.1000000;380.7500000;5708260
ROSN;D;20170120;000000;380.5000000;390.7500000;374.1000000;387.5000000;4237510
ROSN;D;20170123;000000;387.9000000;392.0000000;381.8500000;390.2000000;3540550
ROSN;D;20170124;000000;391.7000000;392.6500000;386.2500000;388.1500000;3025250
ROSN;D;20170125;000000;388.2500000;390.5500000;381.0000000;383.7000000;4235900
ROSN;D;20170126;000000;384.4500000;391.7000000;384.1500000;389.0000000;5103850
ROSN;D;20170127;000000;388.9000000;402.0000000;387.7500000;402.0000000;8882370
ROSN;D;20170130;000000;402.0000000;402.0000000;395.0500000;399.0000000;2305850
ROSN;D;20170131;000000;398.0000000;401.4500000;396.6000000;400.6000000;3423510
ROSN;D;20170201;000000;400.6000000;401.5000000;397.6000000;401.5000000;3674180
ROSN;D;20170202;000000;401.7000000;404.8500000;396.6000000;397.3000000;5200620
ROSN;D;20170203;000000;398.3000000;400.0000000;396.5000000;397.8500000;2200950
ROSN;D;20170206;000000;398.3000000;400.5000000;390.8500000;394.0000000;3400150
ROSN;D;20170207;000000;393.3000000;394.6000000;386.6500000;389.7000000;3134710
ROSN;D;20170208;000000;387.9500000;389.6000000;375.3000000;378.0500000;6768350
ROSN;D;20170209;000000;378.4000000;380.3000000;375.0000000;379.8000000;3074500
ROSN;D;20170210;000000;380.5500000;383.5000000;376.0500000;377.6000000;3667700
ROSN;D;20170213;000000;377.0000000;382.3000000;376.2500000;379.0000000;4440840
ROSN;D;20170214;000000;378.5000000;380.2500000;367.8500000;369.8500000;5505650
ROSN;D;20170215;000000;368.6000000;370.9000000;360.0000000;360.0000000;7808440
ROSN;D;20170216;000000;360.7000000;363.6500000;356.4500000;362.0000000;4863890
ROSN;D;20170217;000000;362.4500000;364.6500000;352.7500000;354.0000000;5718390
ROSN;D;20170220;000000;356.3000000;356.7500000;346.8000000;349.0000000;5778090
ROSN;D;20170221;000000;349.4000000;356.5000000;347.1000000;354.0000000;5776840
ROSN;D;20170222;000000;355.0500000;356.7000000;345.5500000;347.0000000;5007360
ROSN;D;20170224;000000;348.0000000;349.4500000;340.3000000;343.0000000;3369550
ROSN;D;20170227;000000;344.9000000;344.9000000;330.4000000;331.0500000;8427910
ROSN;D;20170228;000000;331.0000000;334.0000000;326.9000000;331.1000000;5920880
ROSN;D;20170301;000000;331.0500000;344.3000000;331.0500000;341.8000000;6010980
ROSN;D;20170302;000000;342.9000000;346.4500000;336.6000000;336.6000000;6284360
ROSN;D;20170303;000000;336.0000000;342.0000000;333.1000000;336.5000000;3664980
ROSN;D;20170306;000000;336.0000000;341.4000000;332.0000000;332.0000000;4084620
ROSN;D;20170307;000000;332.7000000;334.6500000;323.7500000;329.1000000;5859570
ROSN;D;20170309;000000;325.0000000;328.1000000;315.5000000;318.8500000;7718580
ROSN;D;20170310;000000;319.3000000;322.5500000;312.3500000;315.0000000;6762000
ROSN;D;20170313;000000;313.5500000;321.5000000;313.2500000;318.2500000;3923710
ROSN;D;20170314;000000;318.5000000;322.4000000;312.0000000;315.4000000;5456060
ROSN;D;20170315;000000;316.8000000;320.0500000;313.5000000;314.7000000;4550390
ROSN;D;20170316;000000;318.7000000;319.7500000;312.9000000;313.9500000;8910280
ROSN;D;20170317;000000;313.9500000;320.2000000;313.0000000;314.4500000;8081340
ROSN;D;20170320;000000;315.3000000;317.0000000;309.3000000;311.1500000;5645400
ROSN;D;20170321;000000;312.3000000;325.6500000;311.5500000;316.0000000;11677330
ROSN;D;20170322;000000;313.8000000;320.4500000;312.8500000;320.3500000;7575780
ROSN;D;20170323;000000;321.1000000;324.5000000;316.5000000;317.9500000;4987550
ROSN;D;20170324;000000;317.9500000;319.8000000;314.6000000;315.6500000;3549240
ROSN;D;20170327;000000;314.8500000;314.9500000;306.7500000;309.8000000;5650210
ROSN;D;20170328;000000;311.3500000;315.4000000;308.4500000;314.6000000;4094580
ROSN;D;20170329;000000;315.5500000;322.2000000;314.1000000;322.2000000;5709940
ROSN;D;20170330;000000;322.0000000;329.0000000;321.5500000;328.7000000;7515000
ROSN;D;20170331;000000;327.5000000;328.9000000;323.1000000;323.5000000;4441290
ROSN;D;20170403;000000;324.6000000;330.8500000;323.6000000;328.4000000;4365060
ROSN;D;20170404;000000;327.2000000;331.8000000;325.4000000;331.7000000;4096990
ROSN;D;20170405;000000;332.4500000;339.4500000;332.2500000;338.2000000;5783430
ROSN;D;20170406;000000;337.1000000;339.7000000;335.6000000;337.9500000;3268950
ROSN;D;20170407;000000;336.8500000;337.4000000;330.0000000;335.9500000;5981020
ROSN;D;20170410;000000;334.5000000;335.4500000;320.0500000;327.2000000;7989610
ROSN;D;20170411;000000;326.5000000;334.1500000;325.8500000;330.5000000;4773120
ROSN;D;20170412;000000;331.4000000;333.9500000;325.0000000;325.1000000;4114920
ROSN;D;20170413;000000;327.0000000;327.2500000;319.7000000;321.9000000;5601830
ROSN;D;20170414;000000;320.1500000;321.0000000;315.1000000;315.7500000;1605320
ROSN;D;20170417;000000;315.0000000;324.2500000;314.6000000;323.2500000;2488540
ROSN;D;20170418;000000;325.0000000;325.5000000;316.4500000;318.4000000;3461160
ROSN;D;20170419;000000;318.3000000;322.5000000;315.0000000;315.0500000;4578630
ROSN;D;20170420;000000;313.5500000;317.0500000;311.7500000;316.6000000;3561630
ROSN;D;20170421;000000;316.9500000;321.4500000;315.0000000;317.4000000;3415040
ROSN;D;20170424;000000;319.3000000;323.7500000;317.7000000;320.3000000;3985120
ROSN;D;20170425;000000;321.4500000;321.9500000;317.3500000;320.1500000;3138090
ROSN;D;20170426;000000;321.6000000;328.2000000;320.0000000;326.0500000;4429510
ROSN;D;20170427;000000;326.0000000;326.4000000;318.0000000;318.3500000;4360370
ROSN;D;20170428;000000;320.9500000;322.7500000;316.0000000;317.2500000;3874940
ROSN;D;20170502;000000;317.6000000;320.7500000;316.0000000;316.0000000;4309890
ROSN;D;20170503;000000;316.9000000;317.2500000;310.5500000;311.6500000;4443960
ROSN;D;20170504;000000;311.1500000;315.0000000;309.3000000;310.0000000;3793220
ROSN;D;20170505;000000;307.5500000;312.9500000;306.3000000;312.4500000;3029200
ROSN;D;20170510;000000;314.5000000;315.0500000;309.6000000;315.0500000;4129120
ROSN;D;20170511;000000;315.6000000;318.4000000;310.5500000;312.3500000;3429900
ROSN;D;20170512;000000;312.0000000;312.7000000;307.2000000;307.5000000;2889480
ROSN;D;20170515;000000;309.3000000;316.5000000;309.2500000;314.1500000;4074030
ROSN;D;20170516;000000;312.9000000;315.4500000;310.5500000;312.9000000;3001450
ROSN;D;20170517;000000;311.9000000;313.9500000;309.5500000;311.5500000;2571770
ROSN;D;20170518;000000;311.0000000;312.5000000;303.1000000;305.0000000;6240920
ROSN;D;20170519;000000;307.2000000;309.5000000;303.5500000;306.1000000;3956330
ROSN;D;20170522;000000;307.0000000;309.0000000;305.0000000;307.3000000;2692740
ROSN;D;20170523;000000;307.4000000;312.5000000;305.2500000;312.4000000;3228760
ROSN;D;20170524;000000;312.6000000;313.8500000;305.1500000;307.0000000;6848830
ROSN;D;20170525;000000;307.6000000;309.0000000;304.2500000;306.4000000;4914700
ROSN;D;20170526;000000;305.1500000;305.6500000;300.8500000;304.0000000;7332170
ROSN;D;20170529;000000;303.7000000;307.5000000;303.7000000;307.2500000;3263240
ROSN;D;20170530;000000;307.2500000;309.8000000;305.0000000;305.0000000;5609690
ROSN;D;20170531;000000;305.2500000;306.2000000;300.0000000;301.5500000;6992700
ROSN;D;20170601;000000;301.7500000;304.7500000;298.6000000;301.4500000;9614820
ROSN;D;20170602;000000;300.8000000;301.9500000;296.8000000;301.0000000;6304480
ROSN;D;20170605;000000;301.6500000;305.0000000;300.2500000;305.0000000;4942330
ROSN;D;20170606;000000;304.8000000;305.7500000;300.5000000;302.5500000;2695090
ROSN;D;20170607;000000;302.9000000;310.8000000;302.5000000;308.0000000;6672640
ROSN;D;20170608;000000;307.6500000;308.9000000;300.8500000;307.5000000;5865280
ROSN;D;20170609;000000;306.0000000;307.4000000;302.5000000;306.0000000;3739210
ROSN;D;20170613;000000;305.5000000;312.2500000;303.3000000;312.1500000;5416550
ROSN;D;20170614;000000;311.3500000;314.7500000;304.1000000;304.3000000;7950700
ROSN;D;20170615;000000;303.3500000;304.8000000;291.0000000;301.6000000;15240270
ROSN;D;20170616;000000;302.0000000;308.8000000;300.9500000;306.5000000;6049800
ROSN;D;20170619;000000;307.1000000;312.0000000;305.9000000;311.0000000;3796400
ROSN;D;20170620;000000;311.2000000;316.0000000;308.6000000;316.0000000;6392260
ROSN;D;20170621;000000;316.8500000;321.0000000;315.6000000;318.4000000;7443860
ROSN;D;20170622;000000;317.4500000;319.5500000;312.7000000;319.0000000;5848940
ROSN;D;20170623;000000;317.7500000;322.7000000;317.5000000;322.0000000;3634220
ROSN;D;20170626;000000;322.6000000;323.6000000;317.1500000;321.0000000;2946200
ROSN;D;20170627;000000;320.7000000;328.1000000;317.2500000;327.3000000;5044930
ROSN;D;20170628;000000;326.0500000;333.3000000;324.0500000;332.4000000;3983200
ROSN;D;20170629;000000;332.5500000;338.0000000;332.0000000;333.0000000;5306630
ROSN;D;20170630;000000;327.4000000;333.6500000;323.0000000;323.0000000;4411240
ROSN;D;20170703;000000;325.9000000;330.8000000;323.0000000;329.4000000;4398610
ROSN;D;20170704;000000;330.5000000;332.7500000;328.1000000;332.4000000;3047190
ROSN;D;20170705;000000;331.9000000;333.5500000;326.7000000;327.2000000;4012880
ROSN;D;20170706;000000;328.1000000;330.4000000;320.5500000;324.5000000;5523640
ROSN;D;20170707;000000;322.0500000;323.9000000;317.5000000;317.8000000;4403680
ROSN;D;20170710;000000;317.7000000;321.0500000;315.9500000;320.5000000;2378290
ROSN;D;20170711;000000;320.9000000;323.0000000;316.6500000;319.6000000;2548780
ROSN;D;20170712;000000;320.7500000;325.6500000;319.0500000;320.5500000;7529310
ROSN;D;20170713;000000;320.8000000;321.5500000;316.7500000;318.0000000;2728680
ROSN;D;20170714;000000;318.4000000;319.5500000;316.6000000;318.0000000;3443320
ROSN;D;20170717;000000;319.0000000;319.8500000;310.7500000;315.9000000;6156190
ROSN;D;20170718;000000;315.5000000;317.7000000;312.7500000;315.1000000;4401990
ROSN;D;20170719;000000;314.2500000;318.5000000;313.8000000;318.5000000;2654420
ROSN;D;20170720;000000;319.0000000;322.5000000;317.0000000;317.8500000;3486870
ROSN;D;20170721;000000;317.1000000;318.2500000;314.0500000;317.4000000;2099510
ROSN;D;20170724;000000;317.3500000;317.4000000;311.4000000;313.3000000;2650720
ROSN;D;20170725;000000;313.7000000;315.6000000;312.1500000;314.1500000;2328670
ROSN;D;20170726;000000;315.7000000;318.0000000;309.9500000;310.0000000;4226590
ROSN;D;20170727;000000;311.0000000;312.5000000;309.5000000;310.0000000;1827950
ROSN;D;20170728;000000;309.7500000;310.0000000;303.3500000;305.9000000;3036250
ROSN;D;20170731;000000;307.4500000;312.0000000;304.9500000;311.3000000;2483310
ROSN;D;20170801;000000;312.1000000;319.9500000;312.0500000;316.1000000;3782990
ROSN;D;20170802;000000;316.9000000;322.3000000;314.6000000;322.0000000;8749550
ROSN;D;20170803;000000;321.7500000;323.8500000;316.2500000;317.0000000;3278480
ROSN;D;20170804;000000;317.0000000;322.5500000;314.3500000;316.0000000;5373810
ROSN;D;20170807;000000;317.0000000;318.3500000;314.8500000;316.2500000;2923440
ROSN;D;20170808;000000;316.4500000;317.1500000;313.6500000;315.0000000;2466540
ROSN;D;20170809;000000;314.3500000;315.3000000;309.1500000;309.2500000;3520600
ROSN;D;20170810;000000;310.5000000;311.4000000;304.8000000;305.0000000;4357510
ROSN;D;20170811;000000;303.5000000;305.3500000;301.5500000;303.9500000;4096840
ROSN;D;20170814;000000;305.3000000;306.7000000;303.6000000;305.0000000;1714280
ROSN;D;20170815;000000;305.0000000;306.0500000;302.0000000;304.9000000;1658660
ROSN;D;20170816;000000;305.4500000;306.8000000;300.8500000;302.0500000;1899850
ROSN;D;20170817;000000;301.6500000;308.0500000;300.4500000;301.7500000;5224360
ROSN;D;20170818;000000;300.9000000;302.6000000;299.0000000;300.0500000;2454920
ROSN;D;20170821;000000;301.1000000;302.0000000;299.0500000;301.1000000;2082650
ROSN;D;20170822;000000;301.5000000;303.6000000;300.2500000;300.9500000;2320080
ROSN;D;20170823;000000;300.8500000;303.7500000;297.9000000;303.2000000;2943860
ROSN;D;20170824;000000;303.3500000;304.3000000;299.5500000;301.0000000;1958200
ROSN;D;20170825;000000;301.0000000;303.2500000;300.5500000;301.5000000;2045490
ROSN;D;20170828;000000;301.5000000;301.7500000;299.4500000;300.9500000;1378880
ROSN;D;20170829;000000;300.9500000;301.0000000;298.1500000;301.0000000;2165450
ROSN;D;20170830;000000;301.0500000;307.4000000;300.4000000;307.0000000;4591120
ROSN;D;20170831;000000;306.2000000;310.2000000;303.5000000;304.0000000;4425690
ROSN;D;20170901;000000;304.9500000;307.4500000;302.5500000;304.1000000;2482130
ROSN;D;20170904;000000;303.0000000;304.8500000;301.3500000;302.6000000;2316030
ROSN;D;20170905;000000;304.0000000;305.2000000;299.6500000;302.8500000;3293780
ROSN;D;20170906;000000;301.8000000;303.1000000;300.2500000;303.0000000;2652200
ROSN;D;20170907;000000;303.3000000;307.9500000;302.8000000;306.0000000;3858260
ROSN;D;20170908;000000;306.2000000;317.7500000;306.2000000;314.9500000;10729760
ROSN;D;20170911;000000;317.0000000;317.5500000;313.7000000;314.2000000;5727670
ROSN;D;20170912;000000;314.7000000;315.6000000;310.5000000;314.6000000;5650410
ROSN;D;20170913;000000;315.0000000;319.9000000;314.1500000;314.7500000;8497980
ROSN;D;20170914;000000;314.1000000;320.7000000;314.0000000;319.3000000;7443690
ROSN;D;20170915;000000;319.2500000;321.6000000;317.5000000;319.7000000;3767550
ROSN;D;20170918;000000;320.0000000;321.1500000;315.4500000;318.0000000;3812830
ROSN;D;20170919;000000;317.7500000;318.0000000;312.4500000;313.0000000;3293690
ROSN;D;20170920;000000;313.3500000;315.3500000;311.3000000;315.0000000;3183160
ROSN;D;20170921;000000;315.0000000;319.4000000;314.6000000;316.7000000;4743710
ROSN;D;20170922;000000;316.6500000;318.0000000;314.3000000;316.7000000;2387310
ROSN;D;20170925;000000;316.5500000;322.3000000;315.2500000;321.5500000;4940290
ROSN;D;20170926;000000;322.5000000;327.2500000;322.4500000;323.4500000;6955910
ROSN;D;20170927;000000;323.9000000;325.7500000;321.6500000;324.5000000;5295750
ROSN;D;20170928;000000;324.5000000;325.7500000;321.6000000;321.9000000;2768460
ROSN;D;20170929;000000;321.6500000;323.3500000;318.9500000;318.9500000;3627770
ROSN;D;20171002;000000;319.1500000;321.0000000;314.1000000;315.0000000;3424540
ROSN;D;20171003;000000;316.0000000;317.0000000;314.8000000;316.1500000;2642230
ROSN;D;20171004;000000;316.1000000;318.8000000;315.5000000;318.3000000;2922220
ROSN;D;20171005;000000;318.5000000;319.9500000;316.3000000;319.9500000;3085480
ROSN;D;20171006;000000;320.0000000;321.4500000;319.1500000;320.6000000;2725640
ROSN;D;20171009;000000;318.2500000;320.4000000;318.0000000;319.1000000;3746720
ROSN;D;20171010;000000;319.4500000;320.1000000;317.2500000;319.3000000;1475220
ROSN;D;20171011;000000;319.1000000;322.6000000;319.0500000;320.5000000;3018370
ROSN;D;20171012;000000;321.4000000;321.6000000;317.8500000;319.1500000;1857600
ROSN;D;20171013;000000;319.1500000;321.5000000;318.1000000;320.0000000;2216740
ROSN;D;20171016;000000;320.3000000;324.8500000;319.6000000;324.8500000;2576590
ROSN;D;20171017;000000;324.6000000;330.1500000;323.0000000;328.0000000;8251660
ROSN;D;20171018;000000;327.9000000;328.4000000;325.5000000;326.1000000;2348880
ROSN;D;20171019;000000;326.0000000;327.0000000;320.1000000;321.5500000;2987990
ROSN;D;20171020;000000;321.5500000;322.8000000;319.0000000;321.8000000;1803780
ROSN;D;20171023;000000;321.9500000;323.5500000;316.1500000;316.5000000;2402630
ROSN;D;20171024;000000;316.0000000;320.0000000;315.1500000;316.8000000;1948780
ROSN;D;20171025;000000;318.6000000;318.8500000;312.5500000;312.7000000;2576250
ROSN;D;20171026;000000;313.0500000;314.2500000;310.1500000;311.1500000;2390730
ROSN;D;20171027;000000;312.0000000;322.0000000;312.0000000;322.0000000;4215610
ROSN;D;20171030;000000;322.9000000;323.7000000;319.5000000;321.0000000;2807920
ROSN;D;20171031;000000;321.0500000;323.5500000;318.7000000;318.7000000;2239950
ROSN;D;20171101;000000;320.0000000;324.7500000;319.1000000;323.1000000;3433020
ROSN;D;20171102;000000;323.1000000;323.1000000;317.1000000;318.5000000;2385380
ROSN;D;20171103;000000;319.3000000;323.5000000;317.5000000;317.8000000;3327930
ROSN;D;20171107;000000;323.2000000;331.4000000;322.5000000;329.9500000;8985670
ROSN;D;20171108;000000;328.9500000;334.5000000;327.6500000;333.0500000;7017650
ROSN;D;20171109;000000;333.0000000;336.9000000;330.5000000;336.9000000;8581010
ROSN;D;20171110;000000;336.6000000;336.7000000;329.0500000;329.3500000;5704870
ROSN;D;20171113;000000;330.2500000;331.5500000;325.0000000;325.0000000;2414920
ROSN;D;20171114;000000;324.8000000;327.0000000;309.5000000;314.3000000;9036010
ROSN;D;20171115;000000;313.7500000;314.1000000;301.3000000;302.2000000;6619730
ROSN;D;20171116;000000;302.8000000;307.2500000;298.6500000;303.5000000;5395560
ROSN;D;20171117;000000;303.5500000;306.8500000;300.7000000;300.7000000;5187340
ROSN;D;20171120;000000;301.9500000;305.5500000;299.5000000;300.0500000;3118570
ROSN;D;20171121;000000;301.4500000;303.9000000;297.2500000;299.8000000;5218740
ROSN;D;20171122;000000;300.8000000;302.4500000;299.5500000;302.0000000;3328040
ROSN;D;20171123;000000;302.5500000;304.2500000;300.5000000;302.3000000;2639750
ROSN;D;20171124;000000;302.1500000;304.7000000;301.7500000;303.8000000;2970400
ROSN;D;20171127;000000;303.8000000;304.2000000;297.6000000;299.9000000;2961300
ROSN;D;20171128;000000;299.7500000;301.9000000;298.5000000;301.3000000;2852680
ROSN;D;20171129;000000;301.4500000;302.9500000;293.4000000;294.4500000;5268720
ROSN;D;20171130;000000;294.4500000;294.5000000;287.0000000;293.6000000;6054410
ROSN;D;20171201;000000;293.1000000;293.3500000;287.1000000;292.0000000;3241640
ROSN;D;20171204;000000;290.5000000;292.7500000;286.0000000;292.7000000;3179650
ROSN;D;20171205;000000;292.0500000;293.9000000;287.6500000;293.4000000;2931200
ROSN;D;20171206;000000;292.8000000;292.9500000;289.6500000;292.4000000;2548450
ROSN;D;20171207;000000;291.7500000;294.3000000;289.2500000;292.5000000;3192310
ROSN;D;20171208;000000;292.6000000;294.8500000;291.1500000;293.7500000;2472990
ROSN;D;20171211;000000;294.2000000;299.7000000;294.0500000;297.5500000;4674730
ROSN;D;20171212;000000;298.1500000;303.2000000;296.4500000;303.1000000;4392930
ROSN;D;20171213;000000;303.0000000;304.5500000;295.0000000;298.8500000;3996080
ROSN;D;20171214;000000;298.0500000;300.7000000;294.2500000;300.7000000;3155930
ROSN;D;20171215;000000;300.0000000;301.5000000;296.4000000;299.6500000;2773760
ROSN;D;20171218;000000;299.5500000;303.6500000;296.1500000;296.5000000;3484990
ROSN;D;20171219;000000;296.5000000;297.6500000;292.4500000;293.6500000;2872270
ROSN;D;20171220;000000;294.8500000;295.3500000;290.2500000;293.3000000;4089660
ROSN;D;20171221;000000;293.7500000;294.8500000;291.2000000;293.8000000;4645040
ROSN;D;20171222;000000;294.7000000;295.3000000;292.8000000;293.7500000;1787800
ROSN;D;20171225;000000;294.2000000;298.8000000;294.2000000;298.0000000;1908220
ROSN;D;20171226;000000;298.8500000;298.8500000;294.5500000;296.5500000;1357920
ROSN;D;20171227;000000;297.0000000;297.9500000;293.3500000;295.4500000;2912300
ROSN;D;20171228;000000;294.9500000;295.4500000;288.5500000;289.8500000;2965050
ROSN;D;20171229;000000;289.8500000;292.5000000;287.0000000;291.5000000;1661800
ROSN;D;20180103;000000;292.1500000;297.9500000;292.1500000;297.9500000;2231440
ROSN;D;20180104;000000;299.0000000;308.2500000;297.6000000;307.0000000;5754500
ROSN;D;20180105;000000;307.0000000;313.6500000;304.6500000;311.9500000;4236460
ROSN;D;20180109;000000;312.5500000;316.2500000;311.1500000;315.1000000;4572510
ROSN;D;20180110;000000;316.1000000;319.8500000;312.0000000;317.7500000;5560000
ROSN;D;20180111;000000;318.2000000;325.0000000;316.0500000;325.0000000;4585280
ROSN;D;20180112;000000;325.5000000;326.9500000;318.5500000;324.3500000;5465100
ROSN;D;20180115;000000;325.0000000;326.7000000;318.7500000;319.9500000;3512700
ROSN;D;20180116;000000;320.0000000;321.4500000;314.0000000;317.5000000;4619860
ROSN;D;20180117;000000;315.9500000;326.5000000;312.9500000;326.5000000;6123020
ROSN;D;20180118;000000;326.8500000;333.3500000;325.0500000;333.1000000;10920200
ROSN;D;20180119;000000;332.7500000;332.9500000;326.6500000;328.0000000;4219130
ROSN;D;20180122;000000;328.0000000;332.9500000;324.4000000;332.9500000;4531840
ROSN;D;20180123;000000;333.5500000;336.4000000;329.2000000;335.0000000;5661050
ROSN;D;20180124;000000;334.9500000;345.8500000;331.6000000;344.5000000;9611160
ROSN;D;20180125;000000;347.9000000;359.3000000;343.5000000;351.5000000;15724040
ROSN;D;20180126;000000;350.0000000;356.8500000;346.3000000;351.8000000;5865720
ROSN;D;20180129;000000;353.0000000;356.8000000;346.3500000;346.3500000;5208380
ROSN;D;20180130;000000;344.0500000;352.8500000;341.5000000;342.1000000;6300450
ROSN;D;20180131;000000;341.8000000;347.4500000;338.5000000;343.2000000;5666510
ROSN;D;20180201;000000;345.0000000;353.0000000;344.5500000;344.9500000;5349620
ROSN;D;20180202;000000;346.1500000;349.0000000;337.2500000;339.9000000;4981050
ROSN;D;20180205;000000;336.0000000;340.4500000;332.0000000;338.3000000;5398350
ROSN;D;20180206;000000;332.0500000;337.2500000;328.3500000;330.0000000;6203770
ROSN;D;20180207;000000;332.4500000;338.3000000;332.4000000;336.0000000;5299330
ROSN;D;20180208;000000;333.0000000;335.4000000;326.6000000;326.6500000;4940260
ROSN;D;20180209;000000;323.5000000;329.5000000;320.3500000;324.5500000;6406770
ROSN;D;20180212;000000;328.2000000;332.6500000;324.7000000;325.3000000;6390820
ROSN;D;20180213;000000;326.1500000;328.0500000;323.5000000;325.4000000;3560380
ROSN;D;20180214;000000;326.5000000;326.9500000;322.7500000;326.0000000;3790800
ROSN;D;20180215;000000;328.5500000;333.8000000;324.3000000;324.3000000;5980700
ROSN;D;20180216;000000;326.6500000;328.2500000;323.1000000;324.2000000;3699790
ROSN;D;20180219;000000;325.4000000;327.8000000;322.0500000;324.0000000;1709080
ROSN;D;20180220;000000;323.9000000;325.3500000;320.5500000;322.0000000;2081680
ROSN;D;20180221;000000;321.6000000;333.5000000;319.5000000;333.5000000;4642630
ROSN;D;20180222;000000;331.5000000;338.0000000;329.0500000;337.3000000;4425500
ROSN;D;20180226;000000;341.3500000;345.8500000;340.6000000;341.8000000;4566400
ROSN;D;20180227;000000;342.5000000;343.2000000;336.6500000;337.5000000;2475800
ROSN;D;20180228;000000;333.5000000;335.7000000;329.1500000;330.5000000;2897040
ROSN;D;20180301;000000;326.9500000;327.8500000;322.1000000;323.5000000;3959100
ROSN;D;20180302;000000;322.9500000;324.8000000;314.6000000;319.5000000;6257740
ROSN;D;20180305;000000;321.6500000;324.4500000;319.3000000;320.5000000;3438260
ROSN;D;20180306;000000;322.1500000;324.9500000;318.0500000;318.7000000;3967240
ROSN;D;20180307;000000;317.1500000;317.4000000;312.2000000;315.0000000;2910560
ROSN;D;20180309;000000;314.5500000;316.4500000;312.2500000;313.2500000;2974590
ROSN;D;20180312;000000;314.6500000;319.5500000;313.1000000;314.7000000;6749250
ROSN;D;20180313;000000;314.0500000;315.3500000;312.0000000;312.0000000;4544090
ROSN;D;20180314;000000;311.0000000;311.5000000;307.5500000;310.3500000;4847250
ROSN;D;20180315;000000;310.0000000;316.0000000;305.5500000;314.2000000;6686450
ROSN;D;20180316;000000;315.8000000;319.4500000;311.5000000;319.3000000;6845420
ROSN;D;20180319;000000;321.8000000;324.6000000;316.0000000;316.0000000;8296340
ROSN;D;20180320;000000;317.0000000;319.2500000;312.6000000;317.5500000;5620470
ROSN;D;20180321;000000;317.6500000;321.5000000;316.0000000;317.5000000;4975580
ROSN;D;20180322;000000;318.6000000;319.7500000;315.0000000;316.1500000;3240790
ROSN;D;20180323;000000;315.1000000;315.2500000;311.2500000;314.5000000;3679090
ROSN;D;20180326;000000;313.8000000;314.4500000;308.0500000;308.0500000;3406890
ROSN;D;20180327;000000;310.1000000;311.2500000;308.1500000;309.6500000;2723610
ROSN;D;20180328;000000;308.3000000;310.8500000;305.0000000;308.8000000;2921610
ROSN;D;20180329;000000;309.7000000;317.5000000;309.7000000;316.3500000;3847610
ROSN;D;20180330;000000;317.5500000;318.1000000;313.2000000;313.9000000;1223450
ROSN;D;20180402;000000;314.5000000;316.8500000;309.0500000;309.0500000;2451430
ROSN;D;20180403;000000;309.0500000;313.8500000;309.0500000;313.2500000;4458960
ROSN;D;20180404;000000;313.5000000;319.9500000;313.3000000;319.6000000;7917480
ROSN;D;20180405;000000;321.0000000;325.9500000;320.1000000;322.6500000;8042570
ROSN;D;20180406;000000;321.8500000;322.3000000;318.0500000;319.6000000;3621210
ROSN;D;20180409;000000;318.4000000;318.8500000;281.6500000;299.5000000;22424510
ROSN;D;20180410;000000;298.5000000;313.9500000;296.4000000;307.6000000;10342400
ROSN;D;20180411;000000;309.0000000;324.0000000;306.9000000;324.0000000;16918920
ROSN;D;20180412;000000;324.9500000;333.0000000;316.2000000;333.0000000;18635760
ROSN;D;20180413;000000;331.5000000;331.7500000;319.8000000;323.0000000;8364590
ROSN;D;20180416;000000;317.9000000;324.5000000;315.1000000;319.0000000;3534260
ROSN;D;20180417;000000;323.1000000;329.5000000;320.0500000;329.5000000;7042220
ROSN;D;20180418;000000;329.3000000;337.8500000;326.0000000;333.1000000;8283200
ROSN;D;20180419;000000;335.2500000;339.0000000;333.0000000;337.3000000;6567060
ROSN;D;20180420;000000;336.5000000;342.4500000;334.1000000;338.9500000;7015010
ROSN;D;20180423;000000;339.0000000;351.0000000;336.1000000;351.0000000;8674730
ROSN;D;20180424;000000;352.9000000;362.5000000;347.8000000;352.2500000;9097870
ROSN;D;20180425;000000;349.6000000;370.0000000;348.0500000;370.0000000;12081490
ROSN;D;20180426;000000;368.1500000;376.0000000;364.0000000;375.0000000;13905400
ROSN;D;20180427;000000;375.0000000;380.6500000;373.5000000;380.0000000;10766550
ROSN;D;20180428;000000;379.5000000;381.1500000;376.0000000;381.0000000;1284160
ROSN;D;20180430;000000;381.0500000;388.2500000;379.1500000;383.0000000;3686010
ROSN;D;20180502;000000;390.0500000;408.0500000;389.3000000;401.0500000;13304760
ROSN;D;20180503;000000;400.1000000;400.9000000;386.1000000;387.1500000;9662280
ROSN;D;20180504;000000;388.0000000;394.9500000;385.0500000;386.7500000;4930790
ROSN;D;20180507;000000;389.5000000;398.9500000;387.5000000;388.2500000;5694420
ROSN;D;20180508;000000;388.2500000;394.5500000;385.8000000;393.0500000;5779790
ROSN;D;20180510;000000;400.0000000;400.0000000;393.2000000;395.7000000;3749870
ROSN;D;20180511;000000;394.3000000;403.7500000;392.4500000;401.4500000;6041400
ROSN;D;20180514;000000;402.0500000;404.5000000;397.4500000;403.5500000;2982940
ROSN;D;20180515;000000;401.9500000;402.0000000;392.0000000;394.8500000;4697070
ROSN;D;20180516;000000;395.5000000;398.0000000;388.6500000;389.8000000;4058030
ROSN;D;20180517;000000;392.0000000;392.0500000;381.8500000;381.8500000;4205410
ROSN;D;20180518;000000;382.3500000;389.7000000;380.1000000;387.0000000;3236130
ROSN;D;20180521;000000;387.8500000;391.5500000;385.4500000;386.9000000;2365800
ROSN;D;20180522;000000;387.5000000;388.3500000;381.5000000;385.5500000;2430890
ROSN;D;20180523;000000;384.6500000;384.7000000;376.0500000;377.7000000;4108830
ROSN;D;20180524;000000;379.2000000;381.5000000;374.2500000;378.0000000;4300780
ROSN;D;20180525;000000;378.4500000;379.4500000;374.7000000;378.3000000;2792600
ROSN;D;20180528;000000;376.5500000;379.6500000;374.2500000;379.5500000;1557230
ROSN;D;20180529;000000;378.9000000;383.5000000;376.5500000;383.0000000;3487090
ROSN;D;20180530;000000;382.5000000;383.8000000;379.0000000;381.0500000;2574700
ROSN;D;20180531;000000;381.8000000;386.0000000;381.1000000;385.3000000;3910580
ROSN;D;20180601;000000;384.2000000;386.7500000;381.6500000;382.5500000;1963730
ROSN;D;20180604;000000;383.5000000;387.7500000;382.8500000;384.9000000;1332880
ROSN;D;20180605;000000;383.6000000;386.3500000;371.4000000;381.9500000;22360970
ROSN;D;20180606;000000;382.0000000;382.7500000;377.1000000;380.8000000;2332800
ROSN;D;20180607;000000;381.7500000;384.0000000;380.0500000;380.0500000;2226880
ROSN;D;20180608;000000;380.5000000;383.7500000;378.4500000;381.0000000;4780600
ROSN;D;20180609;000000;381.7000000;382.9500000;381.0500000;382.1500000;229490
ROSN;D;20180611;000000;382.8000000;386.5000000;378.8500000;384.5500000;1724980
ROSN;D;20180613;000000;385.4500000;386.9000000;381.2000000;382.0000000;2482530
ROSN;D;20180614;000000;383.5000000;383.5500000;377.3000000;381.7000000;2799720
ROSN;D;20180615;000000;381.0500000;384.5000000;379.0000000;383.2500000;4632370
ROSN;D;20180618;000000;381.8500000;389.5000000;379.4000000;387.0000000;4060790
ROSN;D;20180619;000000;386.4500000;393.6000000;383.2500000;392.3500000;5224800
ROSN;D;20180620;000000;393.1500000;395.9000000;387.7000000;390.2000000;3965920
ROSN;D;20180621;000000;390.5000000;395.1500000;387.0500000;392.7500000;4105610
ROSN;D;20180622;000000;393.6000000;395.4000000;388.4500000;390.8000000;3211230
ROSN;D;20180625;000000;390.0000000;399.6500000;388.7000000;393.9500000;2706590
ROSN;D;20180626;000000;395.0500000;397.3500000;388.7000000;389.3000000;2824820
ROSN;D;20180627;000000;390.3000000;396.5000000;387.7000000;394.6000000;3046140
ROSN;D;20180628;000000;394.9500000;399.8500000;394.0000000;396.5000000;3636660
ROSN;D;20180629;000000;391.2000000;396.2000000;391.0500000;396.1500000;2774360
ROSN;D;20180702;000000;394.5000000;398.8000000;392.5000000;394.7000000;2675620
ROSN;D;20180703;000000;393.9500000;394.7000000;388.3500000;389.9500000;2400890
ROSN;D;20180704;000000;390.8500000;393.7500000;388.3500000;393.2500000;1733770
ROSN;D;20180705;000000;392.9000000;406.0500000;391.9500000;406.0500000;3869930
ROSN;D;20180706;000000;405.0000000;405.0000000;398.8000000;403.4000000;2320140
ROSN;D;20180709;000000;402.4000000;410.4500000;402.4000000;408.1500000;2540300
ROSN;D;20180710;000000;409.7000000;419.0000000;407.2500000;413.2000000;5869520
ROSN;D;20180711;000000;412.0000000;414.1500000;407.1500000;409.8500000;3953430
ROSN;D;20180712;000000;407.0000000;408.4500000;399.6000000;406.4500000;3584990
ROSN;D;20180713;000000;407.1000000;412.0000000;403.4500000;406.9000000;2571410
ROSN;D;20180716;000000;406.3000000;411.9000000;404.0000000;407.3000000;2911660
ROSN;D;20180717;000000;406.4500000;406.5000000;398.1500000;399.5000000;2698840
ROSN;D;20180718;000000;401.0000000;402.2000000;396.7000000;400.9000000;2843760
ROSN;D;20180719;000000;401.1000000;403.3000000;397.2000000;400.5000000;1424280
ROSN;D;20180720;000000;401.0500000;401.5000000;391.1000000;393.2500000;2720720
ROSN;D;20180723;000000;394.0500000;396.3500000;391.4000000;394.5000000;1390070
ROSN;D;20180724;000000;394.5500000;395.1000000;390.3500000;394.9000000;1311170
ROSN;D;20180725;000000;392.4500000;396.5500000;390.8500000;395.8000000;1772750
ROSN;D;20180726;000000;396.1000000;400.0000000;393.8500000;397.3500000;1636170
ROSN;D;20180727;000000;397.3500000;404.4000000;397.3500000;403.5000000;2318060
ROSN;D;20180730;000000;400.4000000;407.0000000;399.0000000;406.4500000;1621690
ROSN;D;20180731;000000;407.0000000;419.0000000;405.6000000;419.0000000;4500220
ROSN;D;20180801;000000;418.5000000;419.8000000;412.1000000;416.6000000;3022490
ROSN;D;20180802;000000;417.1500000;419.4500000;413.6500000;416.8000000;2378050
ROSN;D;20180803;000000;416.7000000;416.7000000;407.2000000;411.2500000;2831540
ROSN;D;20180806;000000;412.5500000;422.6000000;412.5000000;419.3500000;4753690
ROSN;D;20180807;000000;420.6000000;432.4500000;420.6000000;427.9000000;9938470
ROSN;D;20180808;000000;427.0000000;430.0000000;418.8000000;429.0000000;4125840
ROSN;D;20180809;000000;427.5500000;432.3000000;424.3000000;432.3000000;3231420
ROSN;D;20180810;000000;429.7000000;441.1500000;429.7000000;433.2500000;4112690
ROSN;D;20180813;000000;430.1000000;439.9500000;429.0000000;437.2000000;3681090
ROSN;D;20180814;000000;439.7500000;442.0000000;430.0000000;431.3000000;2616790
ROSN;D;20180815;000000;430.0500000;433.2500000;425.0500000;428.5500000;3822780
ROSN;D;20180816;000000;428.5500000;430.0000000;422.1000000;422.3000000;2657740
ROSN;D;20180817;000000;423.2000000;427.8500000;421.0000000;425.8000000;2124400
ROSN;D;20180820;000000;426.5000000;429.9000000;418.0500000;427.0000000;1097570
ROSN;D;20180821;000000;427.8000000;434.0000000;425.8500000;434.0000000;2407070
ROSN;D;20180822;000000;434.5000000;440.0000000;432.4000000;437.3000000;2391810
ROSN;D;20180823;000000;437.8000000;441.2500000;426.2500000;430.0000000;2422390
ROSN;D;20180824;000000;430.8000000;431.9000000;425.0000000;428.1000000;2823450
ROSN;D;20180827;000000;429.2500000;434.7500000;426.5000000;434.7500000;1686230
ROSN;D;20180828;000000;435.1500000;437.9500000;432.1500000;436.0000000;2269900
ROSN;D;20180829;000000;436.0000000;444.9500000;435.3500000;440.5000000;2671240
ROSN;D;20180830;000000;444.3000000;444.3000000;435.0000000;437.0000000;2553240
ROSN;D;20180831;000000;435.0000000;438.2500000;430.9500000;435.7000000;2589100
ROSN;D;20180903;000000;435.7000000;439.7000000;432.4000000;438.7500000;1167230
ROSN;D;20180904;000000;439.0000000;444.8500000;436.8500000;439.3500000;1614180
ROSN;D;20180905;000000;438.1000000;440.5000000;434.4500000;434.5000000;1819000
ROSN;D;20180906;000000;435.0000000;439.0000000;433.2000000;436.0500000;1680510
ROSN;D;20180907;000000;436.0000000;441.5500000;432.4000000;439.5500000;1628860
ROSN;D;20180910;000000;438.9500000;449.4500000;438.9500000;449.4500000;2122120
ROSN;D;20180911;000000;449.4500000;451.3500000;446.0000000;448.8000000;2333060
ROSN;D;20180912;000000;449.4000000;453.3500000;441.1500000;444.9000000;3876680
ROSN;D;20180913;000000;445.4500000;445.8500000;438.5000000;442.4000000;1911370
ROSN;D;20180914;000000;442.1500000;443.7000000;437.8500000;441.3500000;2117460
ROSN;D;20180917;000000;442.6500000;445.0000000;437.5500000;441.3000000;2204120
ROSN;D;20180918;000000;440.8500000;442.0000000;435.7500000;440.4000000;2487600
ROSN;D;20180919;000000;440.8500000;442.7500000;436.8000000;437.8500000;2326580
ROSN;D;20180920;000000;438.3000000;444.8500000;438.0000000;438.7000000;5952590
ROSN;D;20180921;000000;439.9500000;443.9000000;434.4500000;440.4000000;4403530
ROSN;D;20180924;000000;442.1500000;449.4000000;440.4500000;447.0500000;3190550
ROSN;D;20180925;000000;449.8500000;460.3500000;446.5500000;460.0000000;4019100
ROSN;D;20180926;000000;460.1500000;464.5000000;454.7000000;458.5000000;4066550
ROSN;D;20180927;000000;457.9500000;478.0000000;456.7000000;478.0000000;5731090
ROSN;D;20180928;000000;478.1500000;495.0000000;476.4500000;493.0000000;8519880
ROSN;D;20181001;000000;495.9500000;499.0000000;487.8000000;494.0500000;3743390
ROSN;D;20181002;000000;497.0000000;498.8000000;489.0000000;491.4000000;2790350
ROSN;D;20181003;000000;492.1000000;512.2500000;491.5000000;512.0000000;6130290
ROSN;D;20181004;000000;512.0000000;522.8000000;500.8500000;508.2000000;7279670
ROSN;D;20181005;000000;506.0000000;516.0000000;498.3500000;503.0000000;4824100
ROSN;D;20181008;000000;490.5500000;492.4500000;478.0500000;479.4500000;5006670
ROSN;D;20181009;000000;481.2000000;483.7000000;473.1000000;473.1000000;4146770
ROSN;D;20181010;000000;473.3000000;475.8000000;466.7000000;468.7500000;4821490
ROSN;D;20181011;000000;462.0000000;467.0500000;458.1500000;462.5500000;4428490
ROSN;D;20181012;000000;464.7500000;468.7500000;463.6500000;465.1000000;2780850
ROSN;D;20181015;000000;468.2500000;469.2500000;460.2000000;462.0500000;1796470
ROSN;D;20181016;000000;462.5000000;472.0000000;462.0000000;468.7000000;2711600
ROSN;D;20181017;000000;470.2000000;472.9000000;466.0000000;467.8500000;3916290
ROSN;D;20181018;000000;467.3000000;469.5000000;462.6500000;466.6000000;2027400
ROSN;D;20181019;000000;466.3500000;474.3000000;464.6000000;467.0000000;2747250
ROSN;D;20181022;000000;469.0000000;473.6500000;463.6000000;465.3000000;2574900
ROSN;D;20181023;000000;464.0000000;464.9000000;450.3000000;455.0000000;4362310
ROSN;D;20181024;000000;456.4500000;468.1000000;455.2500000;463.5000000;3133270
ROSN;D;20181025;000000;461.9000000;463.0000000;453.5000000;458.4000000;3093740
ROSN;D;20181026;000000;458.3000000;458.6500000;448.9000000;453.3000000;2884840
ROSN;D;20181029;000000;454.4500000;459.9500000;453.0500000;458.5000000;1751230
ROSN;D;20181030;000000;457.5500000;461.7000000;443.0500000;453.7000000;2311600
ROSN;D;20181031;000000;457.0000000;467.0000000;456.2000000;460.4500000;4347190
ROSN;D;20181101;000000;460.0000000;463.9500000;455.5000000;460.0000000;3199600
ROSN;D;20181102;000000;460.5500000;462.2500000;456.7500000;459.6000000;3222000
ROSN;D;20181106;000000;462.2000000;484.3500000;461.7000000;482.4500000;6367450
ROSN;D;20181107;000000;482.9500000;487.8500000;478.7000000;484.1000000;3110120
ROSN;D;20181108;000000;483.8000000;485.0000000;473.4000000;475.0000000;3517320
ROSN;D;20181109;000000;472.5000000;474.2500000;465.0000000;468.6000000;4249700
ROSN;D;20181112;000000;472.2000000;475.6000000;462.5000000;463.5000000;2416830
ROSN;D;20181113;000000;462.0000000;462.7000000;443.6000000;443.6000000;7988690
ROSN;D;20181114;000000;439.8500000;441.6000000;425.5000000;427.1500000;11434400
ROSN;D;20181115;000000;429.0500000;430.7000000;421.8500000;424.2500000;5439430
ROSN;D;20181116;000000;426.0000000;428.6500000;420.5000000;420.8500000;5125790
ROSN;D;20181119;000000;422.3500000;425.8500000;421.2000000;424.1000000;4574000
ROSN;D;20181120;000000;423.1500000;423.4500000;412.2500000;413.5500000;7942230
ROSN;D;20181121;000000;410.7000000;416.0000000;409.0000000;411.8500000;4492140
ROSN;D;20181122;000000;411.8000000;414.2500000;408.1000000;411.1000000;2547820
ROSN;D;20181123;000000;408.8500000;410.7500000;401.2500000;405.2000000;7512140
ROSN;D;20181126;000000;405.8000000;415.1500000;397.2500000;407.0000000;7414420
ROSN;D;20181127;000000;408.7500000;420.1000000;408.0000000;419.8000000;3635720
ROSN;D;20181128;000000;419.1500000;425.8500000;418.7000000;421.4500000;4136820
ROSN;D;20181129;000000;420.4500000;424.6000000;412.5000000;417.0000000;5330320
ROSN;D;20181130;000000;416.9500000;424.4000000;414.4000000;423.1000000;3370860
ROSN;D;20181203;000000;431.5500000;439.9000000;429.2500000;434.0000000;6654850
ROSN;D;20181204;000000;434.4000000;440.5500000;433.2500000;439.0000000;3077100
ROSN;D;20181205;000000;435.0000000;439.0000000;430.0000000;439.0000000;2529160
ROSN;D;20181206;000000;436.0000000;438.4000000;422.5500000;430.0000000;4346010
ROSN;D;20181207;000000;429.9000000;442.0500000;429.1500000;439.0000000;5138620
ROSN;D;20181210;000000;436.7500000;441.0000000;424.3000000;428.5000000;4014870
ROSN;D;20181211;000000;428.2500000;429.5000000;421.5000000;425.5500000;3679180
ROSN;D;20181212;000000;426.2500000;428.0500000;419.1500000;421.8500000;4451070
